month,coverage_pct,total_windows,v10_above_threshold,pass1_orca,pass1_humpback,pass1_dolphin,pass1_other,pass1_unlabeled,pass1_effort_min,pass2_done,pass2_n_clips,pass2_orca,pass2_humpback,pass2_dolphin,pass2_other,pass2_unlabeled,pass2_effort_min,notes
2015-07,10.5,56129,,,,,,,,,,,,,,,,,DB or CSV not found
2015-08,84.6,453122,0,0,0,0,0,0,,1,24,2,0,17,5,0,,
2015-09,99.9,517983,4,4,0,0,0,0,,1,43,26,0,5,12,0,,
2015-10,93.9,502869,11,11,0,0,0,0,,1,26,20,1,1,4,0,,
2015-11,85.2,441604,90,87,3,0,0,0,,1,168,153,9,5,1,0,,
2015-12,98.3,526642,6,4,2,0,0,0,,0,0,0,0,0,0,0,,
2016-01,100.0,479020,44,43,0,0,0,0,,1,122,120,1,1,0,0,,
2016-02,68.3,342029,0,0,0,0,0,0,,0,0,0,0,0,0,0,,
2016-03,99.6,533458,8,4,0,0,4,0,,0,0,0,0,0,0,0,,
2016-04,100.0,514843,195,183,1,1,0,0,,0,0,0,0,0,0,0,,
2016-05,99.9,535379,145,145,0,0,0,0,,0,0,0,0,0,0,0,,
2016-06,80.2,431277,51,51,0,0,0,0,,0,0,0,0,0,0,0,,
2016-07,100.0,535662,16,16,0,0,0,0,,1,62,60,0,0,2,0,,
2016-08,88.3,473177,3,3,0,0,0,0,,0,0,0,0,0,0,0,,
2016-09,91.4,473672,11,7,4,0,0,0,,0,0,0,0,0,0,0,,
2016-10,76.4,409060,2,2,0,0,0,0,5,0,0,0,0,0,0,0,,
2016-11,99.7,516750,4,0,4,0,0,0,,1,22,0,22,0,0,0,20,
2016-12,98.8,529175,8,0,8,0,0,0,3,0,0,0,0,0,0,0,,
2017-01,92.8,497250,8,2,2,0,4,0,10,0,0,0,0,0,0,0,,
2017-02,98.8,477806,0,0,0,0,0,0,,0,0,0,0,0,0,0,,
2017-03,100.0,535680,21,21,0,0,0,0,15,0,0,0,0,0,0,0,,
2017-04,100.0,518160,51,51,0,0,0,0,45,0,0,0,0,0,0,0,,
2017-05,100.0,535680,100,94,0,5,0,0,44,0,0,0,0,0,0,0,,
2017-06,99.7,516620,52,50,0,1,0,0,21,0,0,0,0,0,0,0,,
2017-07,99.9,535302,0,0,0,0,0,0,0,1,50,7,2,7,14,5,17,zero above threshold; pass-2 stopped at chunk 2 (0% recall)
2017-08,98.8,529134,9,9,0,0,0,0,7.6,1,119,47,11,21,32,5,35,ship noise pattern in other at low scores
2017-09,100.0,518400,2,1,1,0,0,0,3,1,91,13,51,4,13,1,42,humpback dominant; fall transition month
2017-10,99.9,535131,20,19,0,1,0,0,8.3,1,100,21,47,4,7,1,45.5,humpback dominant; 20TiB drive confirmed for Gradio
2017-11,95.9,497152,55,55,0,0,0,0,22,1,100,91,9,0,0,0,34,pass-3 pending (91% recall in top-100); orca amid humpback
2017-12,98.8,535666,8,6,2,0,0,0,7,1,50,0,24,1,0,0,14,humpback dominant below threshold; stopped chunk 2 (0 orca)
2018-01,85.4,457609,36,31,4,1,0,0,12,1,50,30,14,1,0,2,17,Jan 20-22 absent; Jan 14 overnight encounter (27 clips); stopped chunk 2 (40% recall)
2018-02,96.6,467450,4,3,1,0,0,0,5,1,50,6,22,2,0,3,19,faint winter month; stopped chunk 2 (4% recall); Feb 25 dominant below threshold
2018-03,83.6,447691,42,40,1,0,0,1,13,1,100,78,12,0,0,8,35.25,Mar 19 dominant (182 below threshold); very faint signals; 78% recall stopped; Mar 10-13 absent
2018-04,100.0,518400,374,374,0,0,0,0,,0,,,,,,,,primary validation month; poster
2018-05,100.0,535680,210,210,0,0,0,0,,0,,,,,,,,held-out test month; poster
2018-06,92.8,480840,0,0,,,,,,1,25,0,7,8,3,7,12,zero orca month; stopped chunk 1 (0 orca); Jun 19 absent
2018-07,100.0,535680,1,1,0,0,0,0,,1,25,0,1,19,3,2,6,very quiet month; 1 orca above threshold; chunk 1 (4% recall) stopped — mainly dolphin and ship noise below threshold
2018-08,99.3,531631,93,90,3,0,0,0,32.7,1,100,41,44,1,7,4,39,new campaign high score 6.257; Aug 13 two-bout encounter; 41% recall in top-100 pass-2
2018-09,100.0,518280,68,57,3,0,0,0,20,1,100,45,46,1,6,2,56,Sep 23 major encounter; distant orca amid loud humpback below threshold
2018-10,99.9,535200,13,0,8,0,0,0,4,1,25,0,33,0,0,0,7,all humpback above and below threshold; stopped chunk 1 (0 orca)
2018-11,95.9,481337,25,20,2,0,0,0,7,1,25,1,25,0,0,1,9,Nov 25 encounter clean above threshold; almost all humpback below; stopped chunk 1 (1 orca)
2018-12,100.0,535680,10,0,9,0,0,0,8.7,1,25,0,34,0,0,0,10,all humpback above and below threshold; Dec 30 dominant; stopped chunk 1 (0 orca)
2019-01,100.0,535424,12,0,10,0,0,0,6,,,,,,,,,all above-threshold humpback; zero orca month
2019-02,100.0,483840,2,0,0,0,2,0,2,,,,,,,,,both above-threshold ambiguous; flagged for John review
2019-03,99.7,533894,169,145,11,0,5,2,58.75,1,100,53,18,2,0,23,58,Mar 23 major encounter (136 clips); supp pass-1 added Mar 8/19/15; faint/distant orca; mixed humpback soundscape; 53% recall stopped
2019-04,77.0,399379,57,49,8,0,0,0,15,1,100,27,41,1,6,13,37,Apr 22 evening encounter; score 5.534; Apr 4-9 absent; 27% recall stopped; mixed humpback soundscape below threshold
2019-05,100.0,535716,8,0,8,0,0,0,6.5,,,,,,,,,all above-threshold humpback; May 3 dominant
2019-06,80.8,418844,7,4,0,2,0,0,6,,,,,,,,,"scattered orca Jun 7,13,18,21,29; Jun 23-26 absent"
2019-07,100.0,535680,126,126,0,0,0,0,23.2,1,100,66,12,8,4,9,28,Jul 3 pre-dawn encounter; 100% pass-1 precision; score 5.883; unusual call character; 66% recall pass-2 stopped; ROV noise and dolphin below threshold
2019-08,100.0,535680,20,12,4,0,2,2,6.5,1,100,23,42,3,2,15,40.5,Aug 30 dominant; faint mixed soundscape; 23% recall stopped
2019-09,99.4,515209,47,0,46,0,1,0,25,1,25,1,46,0,0,2,5.5,all humpback below threshold; 4% recall stopped chunk 1; Sep 16 orca confirmed by John Ryan
2019-10,99.6,535669,22,0,19,0,0,0,15.6,,,,,,,,,all above-threshold humpback; zero orca month; Oct 14 partial
2019-11,95.9,518334,7,0,4,0,0,0,2,,,,,,,,,all above-threshold humpback; Nov 12-13 absent
2019-12,99.7,528192,4,3,1,0,0,0,4,1,50,6,36,0,1,2,21,Dec 19 exceptional orca spectrograms; Dec 26 dominant; heavy humpback below threshold; 8% recall chunk 2 stopped
2020-01,100.0,518880,6,0,6,0,0,0,5,,,,,,,,,all above-threshold humpback; Jan 2 dominant
2020-02,93.6,501120,15,14,0,0,0,1,7,,,,,,,,,Feb 11 and Feb 14 encounters; 14 orca; 1 too faint
2020-03,99.7,534960,69,69,0,0,0,0,22,,,,,,,,,Mar 25 (32) and Mar 28 (31) dominant; very clean signals; 100% precision
2020-05,100.0,535560,24,22,0,1,0,1,8,,,,,,,,,May 12 and May 31 encounters; some faint; seal bomb; mixed dolphin soundscape
2020-06,97.2,504120,5,4,0,0,0,1,3,,,,,,,,,"Jun 12 (3), Jun 8, Jun 21; Jun 23-24 outage (~20h)"
2020-07,99.7,534113,4,0,1,0,0,1,3,,,,,,,,,"zero orca month; Jul 6 partial; 2 ship noise, 1 too faint"
2020-08,63.8,341614,20,19,1,0,0,0,6,,,,,,,,,Aug 29 clean encounter; gorgeous spectrograms; major outages Aug 4-16
2020-09,100.0,518400,38,26,10,1,0,1,17,,,,,,,,,"Sep 12 afternoon encounter (24 orca, 5 humpback, 13:08-15:58 PDT); Sep 21 and 28 isolated orca; score 5.395; mixed soundscape"
2020-11,96.6,500704,1,0,1,0,0,0,1,,,,,,,,,Nov 23 single humpback; zero orca month; Nov 29-30 outage
2020-12,99.8,534594,7,4,2,1,0,0,7,,,,,,,,,Dec 26 encounter (3 orca); Dec 26 194423 offset 245s exceptional spectrogram
2021-01,,512650,0,,,,,,,,,,,,,,,zero orca above threshold; pass-1 pending
2021-02,100.0,483815,8,7,0,0,1,0,5.3,,,,,,,,,Feb 26 dominant (score 4.115); 88% precision; perfect coverage
2021-03,100.0,535631,36,32,4,0,0,0,12,,,,,,,,,Mar 26 dominant (26 clips); 89% precision; some faint signals
